"filename", "language", "Java", "comment", "blank", "total"
"/home/Partage/L2/PCOO/projet/core/src/main/java/com/github/loganmidd/controllers/KeyboardController.java", "Java", 61, 0, 18, 79
"/home/Partage/L2/PCOO/projet/core/src/main/java/com/github/loganmidd/controllers/PlayerController.java", "Java", 14, 0, 2, 16
"/home/Partage/L2/PCOO/projet/core/src/main/java/com/github/loganmidd/controllers/TowerPlacer.java", "Java", 50, 0, 12, 62
"/home/Partage/L2/PCOO/projet/core/src/main/java/com/github/loganmidd/defenders/Main.java", "Java", 79, 1, 20, 100
"/home/Partage/L2/PCOO/projet/core/src/main/java/com/github/loganmidd/effects/AddAttackDamageUpgrade.java", "Java", 16, 0, 7, 23
"/home/Partage/L2/PCOO/projet/core/src/main/java/com/github/loganmidd/effects/PlayerEffect.java", "Java", 7, 0, 4, 11
"/home/Partage/L2/PCOO/projet/core/src/main/java/com/github/loganmidd/entity/Combattant.java", "Java", 57, 1, 12, 70
"/home/Partage/L2/PCOO/projet/core/src/main/java/com/github/loganmidd/entity/Crystal.java", "Java", 17, 0, 7, 24
"/home/Partage/L2/PCOO/projet/core/src/main/java/com/github/loganmidd/entity/Entity.java", "Java", 243, 33, 47, 323
"/home/Partage/L2/PCOO/projet/core/src/main/java/com/github/loganmidd/entity/ExpOrb.java", "Java", 38, 0, 11, 49
"/home/Partage/L2/PCOO/projet/core/src/main/java/com/github/loganmidd/entity/Player.java", "Java", 107, 2, 31, 140
"/home/Partage/L2/PCOO/projet/core/src/main/java/com/github/loganmidd/entity/enemies/Enemy.java", "Java", 80, 4, 16, 100
"/home/Partage/L2/PCOO/projet/core/src/main/java/com/github/loganmidd/entity/enemies/Goblin.java", "Java", 13, 0, 5, 18
"/home/Partage/L2/PCOO/projet/core/src/main/java/com/github/loganmidd/entity/playertypes/Knight.java", "Java", 38, 3, 11, 52
"/home/Partage/L2/PCOO/projet/core/src/main/java/com/github/loganmidd/entity/playertypes/PlayerType.java", "Java", 10, 0, 2, 12
"/home/Partage/L2/PCOO/projet/core/src/main/java/com/github/loganmidd/entity/playertypes/Wizard.java", "Java", 55, 0, 15, 70
"/home/Partage/L2/PCOO/projet/core/src/main/java/com/github/loganmidd/entity/projectiles/KnightSword.java", "Java", 47, 3, 13, 63
"/home/Partage/L2/PCOO/projet/core/src/main/java/com/github/loganmidd/entity/projectiles/Projectile.java", "Java", 63, 3, 18, 84
"/home/Partage/L2/PCOO/projet/core/src/main/java/com/github/loganmidd/entity/projectiles/WizardProjectile.java", "Java", 27, 0, 8, 35
"/home/Partage/L2/PCOO/projet/core/src/main/java/com/github/loganmidd/entity/projectiles/towerprojectiles/DSTBullet.java", "Java", 24, 0, 7, 31
"/home/Partage/L2/PCOO/projet/core/src/main/java/com/github/loganmidd/entity/projectiles/towerprojectiles/HarpoonTowerProjectile.java", "Java", 27, 0, 7, 34
"/home/Partage/L2/PCOO/projet/core/src/main/java/com/github/loganmidd/entity/towers/DeadlyStrikeTower.java", "Java", 20, 0, 7, 27
"/home/Partage/L2/PCOO/projet/core/src/main/java/com/github/loganmidd/entity/towers/HarpoonTower.java", "Java", 19, 0, 8, 27
"/home/Partage/L2/PCOO/projet/core/src/main/java/com/github/loganmidd/entity/towers/KnightWall.java", "Java", 12, 1, 5, 18
"/home/Partage/L2/PCOO/projet/core/src/main/java/com/github/loganmidd/entity/towers/Tower.java", "Java", 100, 0, 35, 135
"/home/Partage/L2/PCOO/projet/core/src/main/java/com/github/loganmidd/entity/towers/WizardBlueTower.java", "Java", 17, 0, 6, 23
"/home/Partage/L2/PCOO/projet/core/src/main/java/com/github/loganmidd/pathfinding/BFSPathfinding.java", "Java", 102, 2, 18, 122
"/home/Partage/L2/PCOO/projet/core/src/main/java/com/github/loganmidd/pathfinding/EnemyPathfinding.java", "Java", 9, 0, 4, 13
"/home/Partage/L2/PCOO/projet/core/src/main/java/com/github/loganmidd/structures/Block.java", "Java", 43, 7, 14, 64
"/home/Partage/L2/PCOO/projet/core/src/main/java/com/github/loganmidd/tiled/TMap.java", "Java", 159, 2, 31, 192
"/home/Partage/L2/PCOO/projet/core/src/main/java/com/github/loganmidd/tiled/TMapEnemyPaths.java", "Java", 82, 5, 13, 100
"/home/Partage/L2/PCOO/projet/core/src/main/java/com/github/loganmidd/tiled/TMapRenderer.java", "Java", 60, 2, 17, 79
"/home/Partage/L2/PCOO/projet/core/src/main/java/com/github/loganmidd/tiled/TMapUtils.java", "Java", 70, 1, 14, 85
"/home/Partage/L2/PCOO/projet/core/src/main/java/com/github/loganmidd/ui/LevelUpUI.java", "Java", 104, 0, 23, 127
"/home/Partage/L2/PCOO/projet/core/src/main/java/com/github/loganmidd/ui/TitleUI.java", "Java", 69, 8, 22, 99
"/home/Partage/L2/PCOO/projet/core/src/main/java/com/github/loganmidd/utils/CooldownTimer.java", "Java", 31, 0, 13, 44
"/home/Partage/L2/PCOO/projet/core/src/main/java/com/github/loganmidd/utils/EnemyPathVertex.java", "Java", 47, 0, 16, 63
"/home/Partage/L2/PCOO/projet/core/src/main/java/com/github/loganmidd/utils/MapPoint.java", "Java", 41, 0, 9, 50
"/home/Partage/L2/PCOO/projet/core/src/main/java/com/github/loganmidd/utils/Point.java", "Java", 26, 1, 8, 35
"/home/Partage/L2/PCOO/projet/core/src/main/java/com/github/loganmidd/utils/TextureRenderer.java", "Java", 87, 0, 11, 98
"/home/Partage/L2/PCOO/projet/core/src/main/java/com/github/loganmidd/waves/Wave.java", "Java", 18, 0, 9, 27
"/home/Partage/L2/PCOO/projet/core/src/main/java/com/github/loganmidd/waves/WaveLoader.java", "Java", 30, 0, 4, 34
"/home/Partage/L2/PCOO/projet/core/src/main/java/com/github/loganmidd/waves/WaveManager.java", "Java", 40, 0, 13, 53
"/home/Partage/L2/PCOO/projet/core/src/main/java/com/github/loganmidd/world/World.java", "Java", 190, 9, 38, 237
"Total", "-", 2449, 88, 611, 3148